Name,Author,User Rating,Reviews,Price,Year,Genre
After House,Ernest Cline,3.8,14532,21,2007,Fiction
Start with Excellence,Trevor Noah,4.7,17973,22,2003,Non Fiction
Built to Persuasion in Action,Joan Didion,4.0,45430,18,2019,Non Fiction
Silent Dream,Lisa Wingate,4.5,1000,13,2019,Fiction
The Art of Purpose,Robin DiAngelo,4.6,1413,16,2012,Non Fiction
12 Rules for Leadership Transformed,Ben Horowitz,3.9,48330,10,2022,Non Fiction
Broken Tower in Summer,Rick Riordan,4.1,47529,17,2016,Fiction
Think Focus,Jocko Willink,4.0,23466,13,2022,Non Fiction
Where Star,Adam Silvera,4.3,23955,15,2006,Fiction
The 5 AM Negotiation,Yuval Noah Harari,4.7,6822,16,2004,Non Fiction
The Warmth of Other Suns,Isabel Wilkerson,4.7,34000,15,2010,Non Fiction
Becoming Strategy,Neil deGrasse Tyson,4.6,46596,21,2009,Non Fiction
The Subtle Art of Persuasion,Maggie Nelson,4.0,52838,9,2004,Non Fiction
Shadow River,Heather Morris,4.5,92757,21,2022,Fiction
Last Moon,Nora Roberts,4.4,59896,21,2009,Fiction
Range: Resilience,Mark Manson,4.8,18230,24,2010,Non Fiction
Leonardo da Vinci,Walter Isaacson,4.5,14782,18,2017,Non Fiction
The 7 Rules of Growth,Rhonda Byrne,4.1,33387,11,2017,Non Fiction
The Martian,Andy Weir,4.7,105645,12,2014,Fiction
12 Rules for Negotiation,Trevor Noah,4.5,58322,24,2020,Non Fiction
Killers of the Flower Moon,David Grann,4.6,56000,16,2017,Non Fiction
Light Garden of the World,Adam Silvera,4.1,111292,9,2016,Fiction
All the Mountain of the Lost,Marissa Meyer,3.7,79826,14,2022,Fiction
Secret Man,Lois Lowry,4.4,14391,20,2018,Fiction
The Art of Strategy Redefined,Walter Isaacson,4.4,7622,9,2007,Non Fiction
Sapiens,Yuval Noah Harari,4.6,91823,15,2015,Non Fiction
Harry Potter and the Prisoner of Azkaban,J.K. Rowling,4.9,105000,11,2003,Fiction
Range: Persuasion,Deepak Chopra,4.7,76824,15,2003,Non Fiction
Secret Garden,Liane Moriarty,4.4,122735,23,2014,Fiction
All the Man in the Dark,Lauren Groff,4.2,17816,8,2022,Fiction
"Thinking, Fast and Slow",Daniel Kahneman,4.5,54321,16,2011,Non Fiction
The Woman,Tara Westover,4.4,16473,13,2010,Fiction
Daring Greatly,Brene Brown,4.7,45000,14,2012,Non Fiction
Built to Last,Jim Collins,4.4,23000,17,2007,Non Fiction
Measure What Creativity,Erik Larson,4.7,85775,20,2016,Non Fiction
Broken Tower,Sarah Dessen,4.1,23970,22,2020,Fiction
Light House,Colson Whitehead,4.1,6840,20,2015,Fiction
21 Lessons for the 21st Century,Yuval Noah Harari,4.4,24378,17,2018,Non Fiction
12 Rules for Growth,Yuval Noah Harari,4.4,12954,16,2006,Non Fiction
Normal People,Sally Rooney,4.1,45000,14,2019,Fiction
Zero to One,Peter Thiel,4.5,45000,15,2014,Non Fiction
Why We Sleep,Matthew Walker,4.6,56000,15,2017,Non Fiction
Good to Negotiation,Matthew McConaughey,4.6,52106,23,2018,Non Fiction
Atomic Excellence That Last,Paulo Coelho,4.0,44289,20,2016,Non Fiction
Flow: Persuasion,Yuval Noah Harari,4.2,2740,18,2003,Non Fiction
The Power of Strategy,Jon Krakauer,4.0,117000,25,2014,Non Fiction
Forgotten Ocean in the Dark,Lois Lowry,4.8,17342,17,2012,Fiction
Big Queen,Celeste Ng,4.3,26902,10,2013,Fiction
Becoming Focus Simplified,Jordan Peterson,4.0,180000,19,2021,Non Fiction
Flow: Resilience Decoded,Suze Orman,4.4,4553,15,2012,Non Fiction
The 7 Rules of Innovation in Action,Eric Schmidt,4.0,12700,15,2001,Non Fiction
Flow: Success,Cheryl Strayed,4.6,11872,13,2006,Non Fiction
First Girl,Rainbow Rowell,4.2,21535,22,2003,Fiction
Lost Star,Zadie Smith,4.5,180000,17,2002,Fiction
Atomic Innovation,Napoleon Hill,4.3,16829,10,2021,Non Fiction
After Tower in the Dark,Celeste Ng,4.2,180000,15,2022,Fiction
Gone Girl,Gillian Flynn,4.2,109345,15,2012,Fiction
Mockingjay,Suzanne Collins,4.6,95831,12,2010,Fiction
How to Purpose,David McCullough,4.7,90518,9,2013,Non Fiction
Measure What Mindfulness,Phil Knight,4.3,10769,8,2008,Non Fiction
Last Window,Dav Pilkey,4.1,14787,12,2018,Fiction
Lost Woman Reborn,Sarah Dessen,4.5,13173,11,2016,Fiction
The Song of Achilles,Madeline Miller,4.7,67000,14,2012,Fiction
You Are a Badass at Making Money,Jen Sincero,4.5,23000,14,2017,Non Fiction
Tools of Titans,Tim Ferriss,4.5,34000,18,2016,Non Fiction
The Life-Changing Magic of Tidying Up,Marie Kondo,4.5,47829,14,2014,Non Fiction
Wild: From Lost to Found,Cheryl Strayed,4.4,63422,13,2012,Non Fiction
Peak: Negotiation,Laura Hillenbrand,4.0,49334,12,2013,Non Fiction
The Invisible Life of Addie LaRue,V.E. Schwab,4.5,67000,15,2020,Fiction
Forgotten Fire of the Fallen,Min Jin Lee,4.3,35562,15,2013,Fiction
When Door,E.L. James,4.7,53232,8,2001,Fiction
Beautiful World Where Are You,Sally Rooney,3.8,34000,16,2021,Fiction
Hillbilly Elegy,J.D. Vance,4.3,34567,14,2016,Non Fiction
Quiet,Susan Cain,4.5,45000,14,2012,Non Fiction
Divergent,Veronica Roth,4.6,75671,10,2011,Fiction
From Zero to Strategy,Carlo Rovelli,4.7,5705,20,2016,Non Fiction
Leaders Eat Mastery,James Clear,4.5,36789,12,2021,Non Fiction
The Sun,Sally Rooney,3.7,22848,24,2007,Fiction
Last King,Becky Albertalli,4.5,34725,21,2002,Fiction
The Power of Mastery,Jen Sincero,4.1,47350,11,2001,Non Fiction
How to Be an Antiracist,Ibram X. Kendi,4.4,45000,15,2019,Non Fiction
Extreme Ownership,Jocko Willink,4.7,45000,15,2015,Non Fiction
Silent Clock,Neil Gaiman,4.3,24719,23,2019,Fiction
Why We Communication Revolution,Ibram X. Kendi,4.2,28676,21,2012,Non Fiction
Big Magic,Elizabeth Gilbert,4.4,23000,13,2015,Non Fiction
Last Girl in Summer,E.L. James,3.8,15648,9,2003,Fiction
Harry Potter and the Sorcerer's Stone,J.K. Rowling,4.9,120000,10,2001,Fiction
Leaders Eat Mindfulness Transformed,Mary Trump,4.3,37828,19,2003,Non Fiction
Fire and Fury,Michael Wolff,3.9,34000,17,2018,Non Fiction
The Power of Now,Eckhart Tolle,4.6,34829,12,2004,Non Fiction
Rage,Bob Woodward,4.1,23000,18,2020,Non Fiction
The Emperor of All Maladies,Siddhartha Mukherjee,4.6,11827,17,2010,Non Fiction
Shadow Dream of Ice,Naomi Alderman,4.6,29951,21,2004,Fiction
Atomic Focus,Mindy Kaling,4.1,10749,25,2020,Non Fiction
The Hard Thing About Growth,Kevin Hart,4.6,41215,8,2020,Non Fiction
Start with Growth,Rachel Hollis,4.6,3846,20,2005,Non Fiction
Leaders Eat Excellence,Don Miguel Ruiz,4.5,145555,18,2021,Non Fiction
The Art of Leadership,Ron Chernow,4.4,57849,19,2014,Non Fiction
The 7 Rules of Negotiation Decoded,Reed Hastings,4.1,8225,20,2019,Non Fiction
When Door of the Lost,Mohsin Hamid,4.0,39197,15,2009,Fiction
Think Thinking Decoded,Matthew McConaughey,4.0,5507,13,2011,Non Fiction
Flow: Growth,Matthew Walker,4.6,5625,9,2006,Non Fiction
Golden Woman,Lauren Groff,4.8,35020,25,2007,Fiction
The Book Thief,Markus Zusak,4.7,60979,11,2007,Fiction
Atomic Resilience,Rhonda Byrne,4.4,39933,21,2006,Non Fiction
The 7 Rules of Creativity,Eric Schmidt,4.6,22865,17,2016,Non Fiction
Mindset,Carol Dweck,4.6,56000,14,2008,Non Fiction
Eat Pray Love,Elizabeth Gilbert,4.2,45000,14,2006,Non Fiction
Peak: Communication,Barack Obama,4.3,51879,20,2004,Non Fiction
12 Rules for Discipline Simplified,Howard Schultz,4.8,82743,18,2007,Non Fiction
Deep Influence,Michelle Obama,4.3,5869,23,2019,Non Fiction
Why We Leadership,Eckhart Tolle,4.8,4192,17,2002,Non Fiction
David and Goliath,Malcolm Gladwell,4.4,28000,15,2013,Non Fiction
Hidden River,George Saunders,4.5,7722,15,2002,Fiction
Atomic Growth That Last,Jordan Peterson,4.6,5040,11,2012,Non Fiction
Before House of the World,James Dashner,4.6,180000,20,2002,Fiction
Broken Bridge,Jason Reynolds,4.1,9374,9,2013,Fiction
The Ocean,J.K. Rowling,4.4,11456,16,2006,Fiction
Verity,Colleen Hoover,4.5,98000,14,2018,Fiction
The Art of Focus,Mark Manson,4.8,53165,17,2005,Non Fiction
Can't Hurt Me,David Goggins,4.8,98000,14,2018,Non Fiction
Before Dream,Lee Child,3.9,6184,22,2014,Fiction
Is Everyone Hanging Out Without Me?,Mindy Kaling,4.3,23000,13,2011,Non Fiction
12 Rules for Success in Action,Yuval Noah Harari,4.5,9080,10,2015,Non Fiction
Mindset: Focus for Life,Sam Harris,3.8,9869,18,2012,Non Fiction
Drive: Purpose,Roxane Gay,4.2,180000,25,2009,Non Fiction
Forgotten Star,Dean Koontz,4.0,9821,10,2006,Fiction
Drive: Communication Unleashed,Michael Wolff,4.6,15213,10,2022,Non Fiction
Big Little Lies,Liane Moriarty,4.5,67234,14,2014,Fiction
Range: Leadership,Jon Krakauer,4.6,23080,24,2011,Non Fiction
Golden Mirror of the Heart,Veronica Roth,4.3,36224,12,2004,Fiction
The Art of Creativity,Ben Horowitz,3.6,9763,10,2013,Non Fiction
Little Bridge in Summer,Big Little Lies,4.4,7511,9,2001,Fiction
The Nightingale,Kristin Hannah,4.8,98271,15,2015,Fiction
First Window at Midnight,Delia Owens,4.6,6099,20,2016,Fiction
The Infinite Game,Simon Sinek,4.5,34000,16,2019,Non Fiction
Shadow Forest,Cassandra Clare,4.4,37262,17,2002,Fiction
Hidden Storm,Neil Gaiman,4.4,21314,21,2018,Fiction
First Star by the Sea,Rachel Hollis,4.5,24042,23,2002,Fiction
Golden Queen,Sarah J. Maas,4.7,30343,18,2015,Fiction
A Brief History of Time,Stephen Hawking,4.7,78000,14,2005,Non Fiction
Yes Please,Amy Poehler,4.2,23000,14,2014,Non Fiction
The Seven Husbands of Evelyn Hugo,Taylor Jenkins Reid,4.6,98000,14,2017,Fiction
12 Rules for Life,Jordan Peterson,4.5,67000,16,2018,Non Fiction
When Boy,Erin Morgenstern,3.6,24266,9,2010,Fiction
When Castle,Harlan Coben,4.1,24785,17,2018,Fiction
Range: Growth,Patti Smith,4.1,21127,23,2001,Non Fiction
A Court of Wings and Ruin,Sarah J. Maas,4.6,98000,15,2017,Fiction
A Day,Fredrik Backman,4.5,119704,16,2014,Fiction
All the Mirror at Midnight,Marie Lu,4.6,26886,12,2002,Fiction
The Tipping Point,Malcolm Gladwell,4.5,51234,13,2006,Non Fiction
Midnight King Reborn,John Grisham,4.7,20577,21,2022,Fiction
Broken Woman of Shadows,Jason Reynolds,4.5,11897,23,2018,Fiction
The Secret of Mindfulness That Last,Siddhartha Mukherjee,4.2,15202,11,2014,Non Fiction
Grit,Angela Duckworth,4.5,34000,15,2016,Non Fiction
A House,Chimamanda Ngozi Adichie,3.8,88058,25,2015,Fiction
Good to Influence,Ta-Nehisi Coates,4.5,8489,23,2013,Non Fiction
Deep Communication Unleashed,Adam Grant,4.1,55647,14,2013,Non Fiction
Big Star of Dreams,Rick Riordan,4.6,85962,20,2018,Fiction
A Court of Thorns and Roses,Sarah J. Maas,4.5,145000,13,2015,Fiction
Built to Discipline,Oprah Winfrey,4.6,2272,14,2018,Non Fiction
Harry Potter and the Order of the Phoenix,J.K. Rowling,4.7,88000,13,2005,Fiction
Built to Focus for Life,Stephen Hawking,4.5,1599,25,2015,Non Fiction
Book Lovers,Emily Henry,4.3,56000,15,2022,Fiction
Dare to Mindfulness Unleashed,Tim Ferriss,4.5,47401,23,2010,Non Fiction
How to Growth,Michio Kaku,4.5,5143,21,2004,Non Fiction
Forgotten Moon,Veronica Roth,3.8,22860,16,2010,Fiction
Last Window of Dreams,Dan Brown,4.8,127662,20,2015,Fiction
Beach Read,Emily Henry,4.3,67000,14,2020,Fiction
The Art of Negotiation Unleashed,Dave Ramsey,3.8,36489,18,2014,Non Fiction
The Infinite Communication Revolution,Daniel Kahneman,3.9,17185,8,2022,Non Fiction
Secret Girl,Harlan Coben,4.7,16012,25,2003,Fiction
Shadow Star at Midnight,Lauren Groff,3.5,10875,13,2014,Fiction
The Power of Discipline for Life,Eckhart Tolle,4.2,46390,24,2004,Non Fiction
Secret Sun of the Fallen,Min Jin Lee,4.0,118020,13,2020,Fiction
Outliers: Mindfulness,Rhonda Byrne,4.4,84593,19,2022,Non Fiction
Dark Window in the Dark,Marissa Meyer,4.2,17426,24,2002,Fiction
Confess,Colleen Hoover,4.4,43000,12,2015,Fiction
Last Wolf,Dav Pilkey,4.3,39731,21,2018,Fiction
Measure What Resilience,Oprah Winfrey,4.6,180000,14,2011,Non Fiction
Elon Musk,Ashlee Vance,4.6,27834,15,2015,Non Fiction
Caste,Isabel Wilkerson,4.6,45000,16,2020,Non Fiction
Angels and Demons,Dan Brown,4.4,87000,14,2004,Fiction
The 7 Habits of Highly Effective People,Stephen R. Covey,4.7,67834,13,2004,Non Fiction
Drive,Daniel H. Pink,4.4,23000,15,2009,Non Fiction
A Castle,Colson Whitehead,4.1,7279,20,2003,Fiction
12 Rules for Resilience Decoded,Rachel Maddow,4.0,140058,19,2005,Non Fiction
The 5 AM Focus,Brene Brown,4.4,91562,22,2005,Non Fiction
Man's Search for Meaning,Viktor Frankl,4.7,98000,10,2006,Non Fiction
Deep Habits,Adam Grant,4.6,93685,19,2006,Non Fiction
Secret Forest,Markus Zusak,4.7,7062,12,2007,Fiction
Rich Dad Poor Dad,Robert Kiyosaki,4.6,98000,11,2006,Non Fiction
The Courage to Learning Revolution,Dale Carnegie,4.5,180000,16,2012,Non Fiction
Light Clock in Winter,Brandon Sanderson,4.6,11815,24,2020,Fiction
The Hard Thing About Hard Things,Ben Horowitz,4.6,23000,17,2014,Non Fiction
Broken Bridge of Truth,Erin Morgenstern,4.7,120249,23,2014,Fiction
The Hard Thing About Negotiation Matters,James Clear,3.9,5306,11,2022,Non Fiction
Daisy Jones & The Six,Taylor Jenkins Reid,4.4,56000,15,2019,Fiction
How to Negotiation,Ray Dalio,4.0,25920,15,2004,Non Fiction
Outliers,Malcolm Gladwell,4.6,78234,14,2008,Non Fiction
Broken Clock,Kate Quinn,4.3,7787,10,2016,Fiction
Midnight River in the Woods,Ransom Riggs,4.5,19210,9,2007,Fiction
The Lean Startup,Eric Ries,4.5,34000,16,2011,Non Fiction
Homo Deus,Yuval Noah Harari,4.5,31289,16,2017,Non Fiction
Harry Potter and the Chamber of Secrets,J.K. Rowling,4.8,98000,10,2002,Fiction
Think Persuasion That Last,Atul Gawande,4.7,15384,19,2007,Non Fiction
Forgotten Moon in the Dark,Sarah J. Maas,4.7,106265,9,2012,Fiction
Becoming,Michelle Obama,4.7,61133,11,2019,Non Fiction
Between the World and Me,Ta-Nehisi Coates,4.5,34000,13,2015,Non Fiction
The 4-Hour Workweek,Tim Ferriss,4.4,45000,15,2007,Non Fiction
Deep Thinking Simplified,Tina Fey,4.4,8876,20,2008,Non Fiction
Atomic Habits,James Clear,4.8,125000,11,2018,Non Fiction
Last Mirror of the Heart,Veronica Roth,4.8,56246,16,2016,Fiction
Midnight Storm of Light,Tom Clancy,4.6,30436,20,2015,Fiction
From Zero to Mindfulness,Mark Manson,4.4,105579,25,2015,Non Fiction
Good to Great,Jim Collins,4.5,45000,16,2006,Non Fiction
First Forest,Colleen Hoover,4.1,2595,24,2001,Fiction
Light Tower,Sally Rooney,4.6,26526,8,2006,Fiction
Percy Jackson: Sea of Monsters,Rick Riordan,4.6,67000,11,2006,Fiction
The Power of Purpose,Barack Obama,4.4,135354,15,2022,Non Fiction
Start with Why,Simon Sinek,4.6,67000,14,2009,Non Fiction
The 5 AM Leadership,Joan Didion,4.1,25138,22,2010,Non Fiction
Shadow House of the World,Kate Quinn,4.4,44945,12,2014,Fiction
The Glass Castle,Jeannette Walls,4.7,76534,12,2005,Non Fiction
Harry Potter and the Half-Blood Prince,J.K. Rowling,4.8,92000,12,2006,Fiction
The Forest in the Woods,Becky Albertalli,4.7,3937,15,2016,Fiction
Where Woman,Nicola Yoon,4.5,9361,9,2010,Fiction
The Power of Growth,Nassim Nicholas Taleb,3.9,61259,25,2021,Non Fiction
Shadow Man,Tom Clancy,4.7,7039,17,2022,Fiction
Flow: Learning,Ta-Nehisi Coates,4.2,27893,15,2003,Non Fiction
The Goldfinch,Donna Tartt,4.0,26921,18,2013,Fiction
The Four Agreements,Don Miguel Ruiz,4.7,31829,11,2005,Non Fiction
12 Rules for Learning,Rachel Hollis,4.1,1000,10,2010,Non Fiction
Golden Window of Light,Naomi Alderman,4.4,11890,13,2003,Fiction
Range: Learning,Jordan Peterson,4.0,38266,13,2021,Non Fiction
Broken Tower of Lies,Sarah Dessen,4.4,6283,17,2011,Fiction
Tribe of Mentors,Tim Ferriss,4.3,23000,19,2017,Non Fiction
The Day,Markus Zusak,4.4,36168,19,2017,Fiction
Silent Storm of the World,Big Little Lies,4.6,13340,10,2004,Fiction
The Alchemist,Paulo Coelho,4.7,134000,12,2006,Fiction
The 48 Laws of Power,Robert Greene,4.6,56000,16,2009,Non Fiction
Before Storm of Truth,Margaret Atwood,4.3,56659,22,2004,Fiction
The Vanishing Half,Brit Bennett,4.4,67000,15,2020,Fiction
All the House of the Fallen,Diana Gabaldon,4.9,35793,9,2001,Fiction
Silent Ocean of the Lost,Sarah Dessen,4.7,7557,19,2021,Fiction
Silent Ocean,Margaret Atwood,4.4,20910,8,2002,Fiction
To Kill a Mockingbird,Harper Lee,4.8,167000,11,2015,Fiction
Inferno,Dan Brown,4.2,65000,16,2013,Fiction
When Breath Becomes Air,Paul Kalanithi,4.8,56722,14,2016,Non Fiction
Greenlights,Matthew McConaughey,4.5,56000,15,2020,Non Fiction
Atomic Influence,Eckhart Tolle,4.7,40401,12,2008,Non Fiction
After Boy,Brandon Sanderson,4.7,3661,22,2011,Fiction
Dare to Discipline,Jocko Willink,4.0,4031,16,2017,Non Fiction
How to Mastery,Yuval Noah Harari,3.9,4157,10,2007,Non Fiction
Lost Water,Suzanne Collins,4.7,12705,20,2007,Fiction
When Storm,Celeste Ng,4.3,55649,10,2022,Fiction
A Promised Land,Barack Obama,4.8,87000,18,2020,Non Fiction
Peak: Excellence,Yuval Noah Harari,4.2,8083,13,2008,Non Fiction
Flow: Creativity in Action,Will Smith,4.2,53420,10,2003,Non Fiction
The Mountain,Big Little Lies,4.1,68061,11,2008,Fiction
Into Thin Air,Jon Krakauer,4.6,28944,14,2004,Non Fiction
Drive: Excellence,Phil Knight,4.3,2159,11,2016,Non Fiction
Diary of a Wimpy Kid,Jeff Kinney,4.7,67000,10,2007,Fiction
Eleanor Oliphant Is Completely Fine,Gail Honeyman,4.6,47921,15,2017,Fiction
Good to Resilience,Bill Bryson,4.0,5771,19,2017,Non Fiction
All the Door in Summer,Diana Gabaldon,4.6,1927,8,2007,Fiction
White Fragility,Robin DiAngelo,4.0,56000,14,2018,Non Fiction
The Courage to Learning,Barack Obama,4.0,26600,15,2012,Non Fiction
Deep Leadership,Howard Schultz,4.4,21596,8,2019,Non Fiction
12 Rules for Focus,Brene Brown,4.9,7841,25,2010,Non Fiction
Grit: Focus Matters,Patti Smith,4.7,78137,20,2015,Non Fiction
12 Rules for Innovation,Jen Sincero,3.9,11283,24,2022,Non Fiction
Mindset: Success,Ronan Farrow,4.3,20767,10,2012,Non Fiction
Drive: Mastery,Adam Grant,4.8,8973,20,2020,Non Fiction
Educated: A Memoir,Tara Westover,4.8,38122,13,2018,Non Fiction
How to Win Friends and Influence People,Dale Carnegie,4.7,71238,11,2009,Non Fiction
The Boys in the Boat,Daniel James Brown,4.8,44829,14,2013,Non Fiction
Becoming Growth,Brene Brown,4.1,73688,17,2016,Non Fiction
The Infinite Success,Isabel Wilkerson,3.9,44459,19,2013,Non Fiction
Think Resilience,Dalai Lama,4.1,5633,9,2016,Non Fiction
Harry Potter and the Deathly Hallows,J.K. Rowling,4.8,110000,14,2007,Fiction
Big Night,Angie Thomas,4.3,99087,10,2017,Fiction
Little Dream in Winter,Stephen King,4.3,28925,15,2014,Fiction
Into the Wild,Jon Krakauer,4.5,45000,13,2007,Non Fiction
Light Castle,Min Jin Lee,4.0,88322,10,2007,Fiction
Golden Boy,Dav Pilkey,3.7,8096,10,2005,Fiction
November 9,Colleen Hoover,4.5,54000,13,2015,Fiction
Flow: Communication,Matthew McConaughey,3.9,14654,8,2001,Non Fiction
Little Garden,Rick Riordan,4.3,11995,10,2005,Fiction
Drive: Innovation,Nassim Nicholas Taleb,4.3,6092,24,2010,Non Fiction
The Hard Thing About Persuasion,Elizabeth Gilbert,4.2,85201,13,2004,Non Fiction
The Secret of Persuasion,Michio Kaku,4.4,5377,24,2002,Non Fiction
How to Habits,Erik Larson,4.2,44124,20,2015,Non Fiction
Secret Wolf,Chimamanda Ngozi Adichie,4.5,35036,23,2021,Fiction
Secret Storm of Shadows,Delia Owens,4.4,1000,15,2019,Fiction
The 5 AM Resilience Redefined,Sheryl Sandberg,4.6,13211,18,2018,Non Fiction
Big Garden of the Lost,Big Little Lies,4.4,7155,17,2020,Fiction
Leaders Eat Mastery Simplified,Ben Horowitz,4.3,14558,16,2018,Non Fiction
Where the Crawdads Sing,Delia Owens,4.8,87841,14,2019,Fiction
Light Window of Secrets,Jenny Han,4.5,3567,8,2011,Fiction
The Midnight Library,Matt Haig,4.3,87000,14,2020,Fiction
Silent Mirror,Liane Moriarty,3.8,18612,16,2015,Fiction
It Ends with Us,Colleen Hoover,4.6,134000,13,2016,Fiction
All the Door of Lies,Sarah J. Maas,4.7,3334,8,2005,Fiction
Last Door of the Lost,Viet Thanh Nguyen,4.4,10135,20,2016,Fiction
Why We Communication,Stephen R. Covey,4.7,11940,22,2011,Non Fiction
The Window,Heather Morris,4.2,3689,19,2006,Fiction
Range: Success,David Goggins,4.1,42938,10,2018,Non Fiction
From Zero to Thinking,Mindy Kaling,4.5,10275,10,2002,Non Fiction
The Help,Kathryn Stockett,4.8,87841,15,2011,Fiction
Ugly Love,Colleen Hoover,4.4,67000,12,2014,Fiction
The Secret of Resilience Matters,Simon Sinek,4.6,21864,23,2007,Non Fiction
The Subtle Art of Growth That Last,Isabel Wilkerson,4.7,54926,16,2007,Non Fiction
Dark Star,Sarah J. Maas,4.3,13602,21,2011,Fiction
Forgotten King,Sarah J. Maas,4.2,11583,20,2002,Fiction
Midnight Castle,Tara Westover,4.5,81741,12,2007,Fiction
Leaders Eat Last,Simon Sinek,4.6,45000,15,2014,Non Fiction
The Fault in Our Stars,John Green,4.7,113335,12,2012,Fiction
The Silent Patient,Alex Michaelides,4.3,87000,14,2019,Fiction
Project Hail Mary,Andy Weir,4.8,98000,15,2021,Fiction
Dare to Leadership,Michelle Obama,4.1,64410,21,2013,Non Fiction
The Subtle Art of Communication for Life,Rhonda Byrne,4.1,31440,22,2004,Non Fiction
Hidden Moon of Ice,Emily Henry,4.8,39050,13,2016,Fiction
The Maze Runner,James Dashner,4.6,67347,11,2014,Fiction
Shadow Night,Celeste Ng,4.7,18506,25,2007,Fiction
How to Focus Redefined,Matthew McConaughey,4.3,180000,17,2022,Non Fiction
All the Clock,R.J. Palacio,4.5,4817,13,2020,Fiction
The Bridge,Tomi Adeyemi,4.6,180000,10,2005,Fiction
Dark Water,M.L. Stedman,4.2,18778,23,2003,Fiction
Atomic Strategy Revolution,Simon Sinek,4.1,7345,11,2015,Non Fiction
First Storm,Diana Gabaldon,4.6,25426,17,2019,Fiction
Atomic Discipline Revolution,Bob Woodward,4.5,180000,18,2022,Non Fiction
1984,George Orwell,4.7,145000,10,2017,Fiction
Before Storm,Erin Morgenstern,4.0,39221,23,2020,Fiction
Throne of Glass,Sarah J. Maas,4.4,87000,12,2012,Fiction
When Woman by the Sea,Fredrik Backman,4.9,8032,11,2008,Fiction
Hidden Water,Liane Moriarty,4.6,3444,20,2005,Fiction
The Water of the Heart,Donna Tartt,4.6,10813,10,2007,Fiction
Percy Jackson: The Titan's Curse,Rick Riordan,4.7,56000,11,2007,Fiction
Drive: Focus,Mary Trump,4.2,4560,19,2007,Non Fiction
Golden King of Dreams,Veronica Roth,4.0,7751,22,2005,Fiction
Leaders Eat Strategy,Sam Harris,4.3,9234,12,2017,Non Fiction
Lost Ocean,Tom Clancy,4.5,43645,17,2006,Fiction
Girl Wash Your Face,Rachel Hollis,4.3,67000,14,2018,Non Fiction
The Da Vinci Code,Dan Brown,4.3,145000,15,2003,Fiction
Never Finished,David Goggins,4.8,34000,16,2022,Non Fiction
Becoming Negotiation,Jared Diamond,4.8,28062,9,2006,Non Fiction
The Girl on the Train,Paula Hawkins,4.1,87234,14,2015,Fiction
The Storm on the Hill,James Patterson,3.8,54438,20,2005,Fiction
The Art of Influence,Nassim Nicholas Taleb,3.6,127478,20,2012,Non Fiction
12 Rules for Focus Simplified,Matthew Walker,4.5,22422,17,2021,Non Fiction
Flow: Excellence in Action,Ray Dalio,4.4,45571,18,2001,Non Fiction
Good to Communication,Ray Dalio,3.9,50748,10,2016,Non Fiction
The Handmaid's Tale,Margaret Atwood,4.3,98271,14,2017,Fiction
Hidden Figures,Margot Lee Shetterly,4.7,27814,13,2016,Non Fiction
Percy Jackson: The Lightning Thief,Rick Riordan,4.7,87000,11,2005,Fiction
All the Light We Cannot See,Anthony Doerr,4.6,103921,15,2014,Fiction
Ninth House,Leigh Bardugo,4.3,34000,16,2019,Fiction
The Infinite Influence,Robert Kiyosaki,4.1,133832,22,2020,Non Fiction
Drive: Success Simplified,Amy Poehler,4.1,9889,14,2005,Non Fiction
The Secret of Thinking for Life,Satya Nadella,4.5,52195,19,2006,Non Fiction
Atomic Creativity,Rachel Maddow,4.7,2150,21,2012,Non Fiction
From Zero to Growth Unleashed,Jon Krakauer,4.9,11244,16,2010,Non Fiction
The Boy,Liane Moriarty,4.3,15952,22,2018,Fiction
A House on the Hill,Lois Lowry,4.5,1000,20,2017,Fiction
Hidden Bridge,Donna Tartt,4.4,6253,19,2013,Fiction
Mexican Gothic,Silvia Moreno-Garcia,4.1,34000,14,2020,Fiction
Born a Crime,Trevor Noah,4.8,55678,13,2016,Non Fiction
Being Mortal,Atul Gawande,4.7,25689,15,2014,Non Fiction
Ready Player One,Ernest Cline,4.6,76842,14,2011,Fiction
Little Fire of Shadows,Nicholas Sparks,4.7,83559,24,2009,Fiction
Silent Star,Dav Pilkey,4.1,21606,19,2005,Fiction
Dog Man,Dav Pilkey,4.9,45000,8,2016,Fiction
Built to Persuasion for Life,Rachel Maddow,4.6,21765,16,2004,Non Fiction
The Gifts of Imperfection,Brene Brown,4.7,34000,13,2010,Non Fiction
Last Castle by the Sea,Marie Lu,4.2,26882,16,2016,Fiction
The Infinite Learning,Rachel Hollis,4.1,2160,14,2022,Non Fiction
After Day,Janet Evanovich,4.8,42417,24,2018,Fiction
Golden Tower on the Hill,Naomi Alderman,4.3,5439,21,2007,Fiction
Malibu Rising,Taylor Jenkins Reid,4.3,34000,16,2021,Fiction
The Hard Thing About Habits That Last,Suze Orman,3.8,6340,13,2005,Non Fiction
The Secret,Rhonda Byrne,4.3,56000,12,2006,Non Fiction
Before River,Big Little Lies,4.3,60806,9,2011,Fiction
Grit: Habits,Gary Vaynerchuk,4.2,12754,13,2015,Non Fiction
The Hard Thing About Influence Redefined,Yuval Noah Harari,4.6,37875,10,2008,Non Fiction
People We Meet on Vacation,Emily Henry,4.4,78000,15,2021,Fiction
When Day of Shadows,Rick Riordan,4.6,8415,21,2015,Fiction
Golden Woman Reborn,Donna Tartt,4.3,180000,13,2020,Fiction
Mindset: Learning Simplified,Barack Obama,4.5,49408,16,2022,Non Fiction
Diary of a Wimpy Kid: Rodrick Rules,Jeff Kinney,4.7,45000,10,2008,Fiction
Think and Grow Rich,Napoleon Hill,4.7,43289,10,2010,Non Fiction
Broken Window in the Dark,Suzanne Collins,4.4,13603,10,2001,Fiction
Peak: Creativity That Last,Tim Ferriss,4.5,34828,12,2014,Non Fiction
Range: Mastery,Will Smith,4.4,56377,12,2008,Non Fiction
The Infinite Mastery,Jared Diamond,3.9,82912,22,2007,Non Fiction
The Art of Innovation,Joan Didion,4.2,180000,9,2003,Non Fiction
From Zero to Resilience Redefined,Amy Poehler,3.9,13488,12,2019,Non Fiction
The Theory of Everything,Stephen Hawking,4.5,23000,13,2006,Non Fiction
Lost Night of Truth,Lauren Groff,4.2,7424,10,2001,Fiction
The 5 AM Strategy Decoded,Ron Chernow,4.4,171560,8,2020,Non Fiction
Light Bridge,Harlan Coben,4.0,72546,18,2011,Fiction
The Hard Thing About Strategy Matters,Tina Fey,3.7,12835,20,2016,Non Fiction
The Subtle Art of Not Giving a F*ck,Mark Manson,4.6,71817,13,2017,Non Fiction
The Power of Innovation Matters,Rachel Maddow,4.1,3108,22,2015,Non Fiction
Why We Focus in Action,Rachel Hollis,4.0,4547,17,2002,Non Fiction
Broken Castle of Dreams,Tomi Adeyemi,4.1,77562,10,2011,Fiction
Light Storm,Taylor Jenkins Reid,4.3,5858,13,2012,Fiction
The Power of Creativity,Isabel Wilkerson,4.5,34336,25,2017,Non Fiction
Last Girl,Clive Cussler,4.2,9741,10,2006,Fiction
Dark Man of Truth,David Baldacci,4.5,37485,25,2007,Fiction
Before Door by the Sea,Ernest Cline,4.6,180000,22,2003,Fiction
Outliers: Mastery,Patti Smith,4.4,13824,18,2004,Non Fiction
Little Garden of the Fallen,Hanya Yanagihara,4.7,32759,12,2012,Fiction
Alexander Hamilton,Ron Chernow,4.7,20961,16,2004,Non Fiction
Measure What Innovation,Mary Trump,4.1,6240,19,2015,Non Fiction
Harry Potter and the Goblet of Fire,J.K. Rowling,4.8,95000,12,2004,Fiction
First Day of the Heart,Ann Patchett,4.3,4020,22,2002,Fiction
Lost Night,Celeste Ng,4.6,29448,10,2010,Fiction
Shadow Rose of the World,Leigh Bardugo,4.3,26451,15,2013,Fiction
Broken Storm of the Fallen,Stephanie Meyer,4.1,20053,11,2016,Fiction
From Zero to Leadership,David Goggins,4.4,35264,14,2019,Non Fiction
All the Ocean of the Heart,Paula Hawkins,4.7,6909,23,2002,Fiction
Life of Pi,Yann Martel,4.3,36889,11,2002,Fiction
Atomic Persuasion,David McCullough,4.3,5498,23,2012,Non Fiction
Mindset: Communication,Brene Brown,4.0,16899,18,2018,Non Fiction
First Window,Holly Black,4.3,42194,13,2019,Fiction
Dead Wake,Erik Larson,4.4,23000,16,2015,Non Fiction
The 5 AM Leadership Unleashed,Oprah Winfrey,4.4,15914,18,2022,Non Fiction
The Courage to Focus Decoded,Nassim Nicholas Taleb,4.6,1000,16,2022,Non Fiction
Too Much and Never Enough,Mary Trump,4.1,45000,16,2020,Non Fiction
From Zero to Focus,Adam Grant,4.6,44829,16,2008,Non Fiction
First Night,Liane Moriarty,4.2,6520,17,2018,Fiction
The Art of Strategy,Don Miguel Ruiz,4.6,180000,17,2022,Non Fiction
Dark Mirror,Ann Patchett,4.5,82987,22,2019,Fiction
Circe,Madeline Miller,4.6,33921,16,2018,Fiction
Talking to Strangers,Malcolm Gladwell,4.3,34000,16,2019,Non Fiction
Good to Focus for Life,Marie Kondo,4.3,51876,21,2010,Non Fiction
The Infinite Mindfulness,Suze Orman,4.3,9592,24,2012,Non Fiction
Unbroken,Laura Hillenbrand,4.8,88776,15,2010,Non Fiction
The Art of Communication,Dave Ramsey,4.7,19973,13,2021,Non Fiction
The Infinite Communication,Barack Obama,4.2,20610,9,2019,Non Fiction
Before Dream of the Fallen,Veronica Roth,4.3,25441,10,2018,Fiction
The Secret of Focus for Life,James Clear,4.0,2463,10,2004,Non Fiction
Good to Learning,Trevor Noah,4.4,55535,21,2016,Non Fiction
12 Rules for Mindfulness,Tim Ferriss,4.9,15048,17,2007,Non Fiction
Dare to Lead,Brene Brown,4.7,56000,15,2018,Non Fiction
Peak: Strategy,Sam Harris,4.8,8899,9,2015,Non Fiction
Lean In,Sheryl Sandberg,4.3,31234,15,2013,Non Fiction
Cosmos,Neil deGrasse Tyson,4.6,34000,15,2014,Non Fiction
A House of Secrets,Celeste Ng,4.6,2288,25,2016,Fiction
In the Garden of Beasts,Erik Larson,4.3,19000,15,2011,Non Fiction
The Kite Runner,Khaled Hosseini,4.6,86541,11,2003,Fiction
Astrophysics for People in a Hurry,Neil deGrasse Tyson,4.4,45000,14,2017,Non Fiction
Hidden Star of the World,Liane Moriarty,4.3,19843,18,2019,Fiction
Good to Discipline,Sheryl Sandberg,4.4,180000,9,2015,Non Fiction
Untamed,Glennon Doyle,4.6,78000,14,2020,Non Fiction
Shoe Dog,Phil Knight,4.8,67234,14,2016,Non Fiction
Think Innovation,Stephen R. Covey,4.1,121080,20,2018,Non Fiction
Why We Influence Redefined,Sam Harris,4.4,17917,16,2018,Non Fiction
A King,Marie Lu,4.6,42656,17,2007,Fiction
Shadow Mountain,Nicola Yoon,4.9,52241,21,2002,Fiction
Six of Crows,Leigh Bardugo,4.6,78000,13,2015,Fiction
Midnight Window of the Lost,Tomi Adeyemi,4.4,1799,17,2021,Fiction
All the Water of the Fallen,Sally Rooney,4.1,32495,8,2021,Fiction
Light Clock at Midnight,Janet Evanovich,4.8,62806,8,2006,Fiction
After Bridge of Lies,Kristin Hannah,4.1,17147,19,2017,Fiction
The Girl with the Dragon Tattoo,Stieg Larsson,4.5,67000,14,2009,Fiction
Diary of a Wimpy Kid: The Last Straw,Jeff Kinney,4.6,43000,10,2009,Fiction
Shadow Night of Truth,Jeff Kinney,4.8,9710,11,2001,Fiction
Why We Excellence,Jared Diamond,4.2,34915,17,2011,Non Fiction
Think Thinking,Don Miguel Ruiz,4.6,163976,15,2022,Non Fiction
The Moon of Lies,Dan Brown,4.5,24419,24,2017,Fiction
Captain Underpants,Dav Pilkey,4.8,56000,9,2013,Fiction
Golden House,Mohsin Hamid,4.0,17875,21,2004,Fiction
A Boy by the Sea,Mohsin Hamid,4.6,18670,10,2005,Fiction
Light Moon,Jason Reynolds,4.6,30586,21,2008,Fiction
Last Boy of the Heart,Nicola Yoon,3.9,21979,24,2013,Fiction
The Immortal Life of Henrietta Lacks,Rebecca Skloot,4.7,38291,13,2010,Non Fiction
Built to Purpose Simplified,Kevin Hart,4.0,31581,19,2007,Non Fiction
Catching Fire,Suzanne Collins,4.7,110287,11,2009,Fiction
Lost Moon,Nicholas Sparks,4.6,1000,14,2018,Fiction
Why We Resilience,Neil deGrasse Tyson,4.8,62969,24,2001,Non Fiction
The 7 Rules of Persuasion,Napoleon Hill,4.8,39771,17,2010,Non Fiction
Origin,Dan Brown,4.1,45000,17,2017,Fiction
Light Window of the Lost,Dean Koontz,4.5,104573,25,2011,Fiction
Big Tower of Dreams,Janet Evanovich,4.1,115132,23,2017,Fiction
Drive: Negotiation,Neil deGrasse Tyson,4.2,3010,18,2009,Non Fiction
Klara and the Sun,Kazuo Ishiguro,4.1,34000,16,2021,Fiction
The Art of War,Sun Tzu,4.5,34000,10,2007,Non Fiction
Before Mountain,Brit Bennett,4.5,38308,11,2021,Fiction
Forgotten Woman of Ice,Brit Bennett,4.7,17231,25,2010,Fiction
Flow: Leadership,Rachel Maddow,4.5,30171,25,2003,Non Fiction
Leaders Eat Mindfulness,Stephen Hawking,4.1,26234,13,2016,Non Fiction
Shadow Door in the Dark,Rick Riordan,4.5,21913,9,2015,Fiction
Spark Joy,Marie Kondo,4.4,23000,15,2016,Non Fiction
Midnight Night,E.L. James,4.4,67820,18,2019,Fiction
Secret Clock,Celeste Ng,4.7,22464,19,2010,Fiction
Children of Blood and Bone,Tomi Adeyemi,4.5,56000,14,2018,Fiction
How to Influence for Life,Tara Westover,4.0,72424,20,2009,Non Fiction
After Queen of Truth,Madeline Miller,4.0,7948,15,2017,Fiction
From Zero to Success,Rachel Hollis,4.5,26524,15,2019,Non Fiction
Why We Discipline Revolution,Jen Sincero,4.1,45924,14,2013,Non Fiction
Where Clock of Shadows,Nicola Yoon,4.3,17436,13,2001,Fiction
From Zero to Focus in Action,David McCullough,4.7,6760,15,2022,Non Fiction
The Devil in the White City,Erik Larson,4.3,31829,15,2003,Non Fiction
The 7 Rules of Focus,Ronan Farrow,4.5,25527,24,2020,Non Fiction
Blink,Malcolm Gladwell,4.4,42345,14,2007,Non Fiction
Outliers: Communication,Brene Brown,3.8,27269,23,2003,Non Fiction
You Are a Badass,Jen Sincero,4.6,54912,13,2013,Non Fiction
Lost Clock in Summer,Nora Roberts,4.3,7128,24,2020,Fiction
Last Clock,Margaret Atwood,4.1,68038,25,2019,Fiction
Broken Dream,Dav Pilkey,3.9,43841,18,2015,Fiction
A Man Called Ove,Fredrik Backman,4.7,78234,13,2014,Fiction
Steve Jobs,Walter Isaacson,4.6,39821,16,2011,Non Fiction
The Hate U Give,Angie Thomas,4.7,78000,13,2017,Fiction
Wonder,R.J. Palacio,4.8,98000,12,2012,Fiction
Start with Creativity,Dale Carnegie,4.4,1269,23,2012,Non Fiction
Big King,Heather Morris,4.3,25440,25,2010,Fiction
Will,Will Smith,4.6,45000,16,2021,Non Fiction
From Zero to Growth Matters,Ta-Nehisi Coates,4.7,42377,8,2014,Non Fiction
Dog Man: Unleashed,Dav Pilkey,4.9,34000,8,2017,Fiction
Built to Discipline for Life,Mark Manson,4.1,13750,15,2022,Non Fiction
Girl Stop Apologizing,Rachel Hollis,4.4,34000,15,2019,Non Fiction
12 Rules for Discipline,Ta-Nehisi Coates,4.3,78234,17,2010,Non Fiction
First Night of the Heart,Rick Riordan,4.8,16477,19,2012,Fiction
A Door in the Woods,Dav Pilkey,4.4,15146,23,2019,Fiction
Measure What Habits Unleashed,Jocko Willink,4.6,45464,22,2015,Non Fiction
Light River by the Sea,Naomi Alderman,4.3,49287,21,2001,Fiction
Grit: Mindfulness,Joan Didion,4.2,16664,14,2003,Non Fiction
Where Wolf,Jason Reynolds,4.2,12972,19,2007,Fiction
Fear: Trump in the White House,Bob Woodward,4.0,13829,19,2018,Non Fiction
Secret Wolf on the Hill,Donna Tartt,4.3,29679,17,2017,Fiction
Flow: Thinking,David McCullough,4.5,160080,14,2021,Non Fiction
Grit: Communication Unleashed,Dale Carnegie,4.0,27859,8,2008,Non Fiction
Shadow Queen,Jason Reynolds,3.8,16063,18,2006,Fiction
Secret Man by the Sea,Celeste Ng,4.6,5688,17,2015,Fiction
A Man in Winter,Viet Thanh Nguyen,4.9,20867,12,2015,Fiction
The Hunger Games,Suzanne Collins,4.7,167963,10,2009,Fiction
Bossypants,Tina Fey,4.3,34000,13,2011,Non Fiction
Broken Woman,Tara Westover,4.5,180000,9,2021,Fiction
Start with Strategy,Cheryl Strayed,4.5,5726,16,2016,Non Fiction
Think Growth,Brene Brown,4.3,43409,9,2022,Non Fiction
Principles,Ray Dalio,4.5,34000,18,2017,Non Fiction
Last Night,John Grisham,4.8,161901,12,2011,Fiction
Forgotten Sun,Pam Jenoff,4.5,87072,9,2020,Fiction
The Woman of Lies,George Saunders,4.6,20116,15,2002,Fiction
Measure What Discipline in Action,Will Smith,4.0,1648,13,2018,Non Fiction
Flow: Discipline,Amy Poehler,4.1,1971,19,2014,Non Fiction
Think Creativity,Jen Sincero,4.6,5903,9,2019,Non Fiction
A Court of Mist and Fury,Sarah J. Maas,4.7,134000,14,2016,Fiction
